slug,title,description,category,audience,file_path,file_type,file_size_kb,is_public,sort_order,source_file
fairgame-one-pager-donors,One Pager Donors,,about,{public},/files/about/fairgame-one-pager-donors.pptx,pptx,180,true,100,FairGame_One_Pager_Donors.pptx
fairgame-one-pager-industry-partners,One Pager Industry Partners,,about,{public},/files/about/fairgame-one-pager-industry-partners.pptx,pptx,180,true,100,FairGame_One_Pager_Industry_Partners.pptx
fairgame-one-pager-schools,One Pager Schools,,about,{public},/files/about/fairgame-one-pager-schools.pptx,pptx,177,true,100,FairGame_One_Pager_Schools.pptx
fairgame-bring-a-friend-referral-program,Bring A Friend Referral Program,,ambassadors,"{ambassador,student}",/files/ambassadors/fairgame-bring-a-friend-referral-program.docx,docx,13,true,100,FairGame_Bring_a_Friend_Referral_Program.docx
fairgame-cold-email-to-researchers,Cold Email To Researchers,,ambassadors,"{ambassador,student}",/files/ambassadors/fairgame-cold-email-to-researchers.docx,docx,15,true,100,FairGame_Cold_Email_to_Researchers.docx
fairgame-college-admissions-story-guide,College Admissions Story Guide,,ambassadors,"{ambassador,student}",/files/ambassadors/fairgame-college-admissions-story-guide.docx,docx,15,true,100,FairGame_College_Admissions_Story_Guide.docx
fairgame-linkedin-starter-kit,Linkedin Starter Kit,,ambassadors,"{ambassador,student}",/files/ambassadors/fairgame-linkedin-starter-kit.docx,docx,14,true,100,FairGame_LinkedIn_Starter_Kit.docx
fairgame-mentor-thank-you-templates,Mentor Thank You Templates,,ambassadors,"{ambassador,student}",/files/ambassadors/fairgame-mentor-thank-you-templates.docx,docx,13,true,100,FairGame_Mentor_Thank_You_Templates.docx
fairgame-networking-conversation-starters,Networking Conversation Starters,,ambassadors,"{ambassador,student}",/files/ambassadors/fairgame-networking-conversation-starters.docx,docx,13,true,100,FairGame_Networking_Conversation_Starters.docx
fairgame-student-ambassador-application,Student Ambassador Application,,ambassadors,"{ambassador,student}",/files/ambassadors/fairgame-student-ambassador-application.docx,docx,13,true,100,FairGame_Student_Ambassador_Application.docx
fairgame-student-ambassador-program-one-pager,Student Ambassador Program One Pager,,ambassadors,"{ambassador,student}",/files/ambassadors/fairgame-student-ambassador-program-one-pager.pptx,pptx,313,true,100,FairGame_Student_Ambassador_Program_One_Pager.pptx
fairgame-student-to-student-outreach-email,Student To Student Outreach Email,,ambassadors,"{ambassador,student}",/files/ambassadors/fairgame-student-to-student-outreach-email.docx,docx,13,true,100,FairGame_Student_to_Student_Outreach_Email.docx
fairgame-tell-your-school-student-pitch-deck,Tell Your School Student Pitch Deck,,ambassadors,"{ambassador,student}",/files/ambassadors/fairgame-tell-your-school-student-pitch-deck.pptx,pptx,396,true,100,FairGame_Tell_Your_School_Student_Pitch_Deck.pptx
fairgame-brand-style-guide,Brand Style Guide,,brand,{public},/files/brand/fairgame-brand-style-guide.pdf,pdf,272,true,100,FairGame_Brand_Style_Guide.pdf
fairgame-logo-actiongreen,Logo Actiongreen,,brand,{public},/files/brand/fairgame-logo-actiongreen.pdf,pdf,118,true,100,FairGame_Logo_ActionGreen.pdf
fairgame-logo-actiongreen,Logo Actiongreen,,brand,{public},/files/brand/fairgame-logo-actiongreen.svg,svg,208,true,100,FairGame_Logo_ActionGreen.svg
fairgame-logo-actiongreen-2400px,Logo Actiongreen 2400px,,brand,{public},/files/brand/fairgame-logo-actiongreen-2400px.png,png,90,true,100,FairGame_Logo_ActionGreen_2400px.png
fairgame-logo-black,Logo Black,,brand,{public},/files/brand/fairgame-logo-black.svg,svg,208,true,100,FairGame_Logo_Black.svg
fairgame-logo-forestgreen,Logo Forestgreen,,brand,{public},/files/brand/fairgame-logo-forestgreen.pdf,pdf,118,true,100,FairGame_Logo_ForestGreen.pdf
fairgame-logo-forestgreen,Logo Forestgreen,,brand,{public},/files/brand/fairgame-logo-forestgreen.svg,svg,208,true,100,FairGame_Logo_ForestGreen.svg
fairgame-logo-forestgreen-2400px,Logo Forestgreen 2400px,,brand,{public},/files/brand/fairgame-logo-forestgreen-2400px.png,png,90,true,100,FairGame_Logo_ForestGreen_2400px.png
fairgame-logo-grayscale,Logo Grayscale,,brand,{public},/files/brand/fairgame-logo-grayscale.pdf,pdf,118,true,100,FairGame_Logo_Grayscale.pdf
fairgame-logo-grayscale,Logo Grayscale,,brand,{public},/files/brand/fairgame-logo-grayscale.svg,svg,208,true,100,FairGame_Logo_Grayscale.svg
fairgame-logo-grayscale-2400px,Logo Grayscale 2400px,,brand,{public},/files/brand/fairgame-logo-grayscale-2400px.png,png,90,true,100,FairGame_Logo_Grayscale_2400px.png
fairgame-logo-leafgreen,Logo Leafgreen,,brand,{public},/files/brand/fairgame-logo-leafgreen.pdf,pdf,118,true,100,FairGame_Logo_LeafGreen.pdf
fairgame-logo-leafgreen,Logo Leafgreen,,brand,{public},/files/brand/fairgame-logo-leafgreen.svg,svg,208,true,100,FairGame_Logo_LeafGreen.svg
fairgame-logo-leafgreen-2400px,Logo Leafgreen 2400px,,brand,{public},/files/brand/fairgame-logo-leafgreen-2400px.png,png,90,true,100,FairGame_Logo_LeafGreen_2400px.png
fairgame-logo-white,Logo White,,brand,{public},/files/brand/fairgame-logo-white.svg,svg,208,true,100,FairGame_Logo_White.svg
fairgame-logo-white-2400px,Logo White 2400px,,brand,{public},/files/brand/fairgame-logo-white-2400px.png,png,89,true,100,FairGame_Logo_White_2400px.png
fairgame-logo-white-on-forest,Logo White On Forest,,brand,{public},/files/brand/fairgame-logo-white-on-forest.pdf,pdf,118,true,100,FairGame_Logo_White_on_Forest.pdf
fairgame-bulletin-board-kit,Bulletin Board Kit,,classroom,{teacher},/files/classroom/fairgame-bulletin-board-kit.pptx,pptx,586,true,100,FairGame_Bulletin_Board_Kit.pptx
fairgame-classroom-kickoff-deck-grades-5-to-6,Classroom Kickoff Deck Grades 5-6,,classroom,{teacher},/files/classroom/fairgame-classroom-kickoff-deck-grades-5-to-6.pptx,pptx,391,true,100,FairGame_Classroom_Kickoff_Deck_Grades_5_to_6.pptx
fairgame-classroom-kickoff-deck-grades-7-to-8,Classroom Kickoff Deck Grades 7-8,,classroom,{teacher},/files/classroom/fairgame-classroom-kickoff-deck-grades-7-to-8.pptx,pptx,388,true,100,FairGame_Classroom_Kickoff_Deck_Grades_7_to_8.pptx
fairgame-exit-ticket-set,Exit Ticket Set,,classroom,{teacher},/files/classroom/fairgame-exit-ticket-set.docx,docx,11,true,100,FairGame_Exit_Ticket_Set.docx
fairgame-family-science-night-kit,Family Science Night Kit,,classroom,{teacher},/files/classroom/fairgame-family-science-night-kit.docx,docx,13,true,100,FairGame_Family_Science_Night_Kit.docx
fairgame-field-trip-planning-template,Field Trip Planning Template,,classroom,{teacher},/files/classroom/fairgame-field-trip-planning-template.docx,docx,12,true,100,FairGame_Field_Trip_Planning_Template.docx
fairgame-group-project-agreement,Group Project Agreement,,classroom,{teacher},/files/classroom/fairgame-group-project-agreement.docx,docx,11,true,100,FairGame_Group_Project_Agreement.docx
fairgame-lab-safety-poster-11x17,Lab Safety Poster 11X17,,classroom,{teacher},/files/classroom/fairgame-lab-safety-poster-11x17.pptx,pptx,175,true,100,FairGame_Lab_Safety_Poster_11x17.pptx
fairgame-lab-safety-poster-letter,Lab Safety Poster Letter,,classroom,{teacher},/files/classroom/fairgame-lab-safety-poster-letter.pptx,pptx,175,true,100,FairGame_Lab_Safety_Poster_Letter.pptx
fairgame-project-proposal-form-grades-5-to-6,Project Proposal Form Grades 5-6,,classroom,{teacher},/files/classroom/fairgame-project-proposal-form-grades-5-to-6.docx,docx,11,true,100,FairGame_Project_Proposal_Form_Grades_5_to_6.docx
fairgame-project-proposal-form-grades-7-to-8,Project Proposal Form Grades 7-8,,classroom,{teacher},/files/classroom/fairgame-project-proposal-form-grades-7-to-8.docx,docx,12,true,100,FairGame_Project_Proposal_Form_Grades_7_to_8.docx
fairgame-scientific-method-poster-11x17,Scientific Method Poster 11X17,,classroom,{teacher},/files/classroom/fairgame-scientific-method-poster-11x17.pptx,pptx,179,true,100,FairGame_Scientific_Method_Poster_11x17.pptx
fairgame-scientific-method-poster-letter,Scientific Method Poster Letter,,classroom,{teacher},/files/classroom/fairgame-scientific-method-poster-letter.pptx,pptx,179,true,100,FairGame_Scientific_Method_Poster_Letter.pptx
fairgame-substitute-teacher-folder,Substitute Teacher Folder,,classroom,{teacher},/files/classroom/fairgame-substitute-teacher-folder.docx,docx,12,true,100,FairGame_Substitute_Teacher_Folder.docx
fairgame-topic-interest-survey-grades-5-to-6,Topic Interest Survey Grades 5-6,,classroom,{teacher},/files/classroom/fairgame-topic-interest-survey-grades-5-to-6.docx,docx,11,true,100,FairGame_Topic_Interest_Survey_Grades_5_to_6.docx
fairgame-topic-interest-survey-grades-7-to-8,Topic Interest Survey Grades 7-8,,classroom,{teacher},/files/classroom/fairgame-topic-interest-survey-grades-7-to-8.docx,docx,11,true,100,FairGame_Topic_Interest_Survey_Grades_7_to_8.docx
fairgame-variables-anchor-chart-11x17,Variables Anchor Chart 11X17,,classroom,{teacher},/files/classroom/fairgame-variables-anchor-chart-11x17.pptx,pptx,173,true,100,FairGame_Variables_Anchor_Chart_11x17.pptx
fairgame-variables-anchor-chart-letter,Variables Anchor Chart Letter,,classroom,{teacher},/files/classroom/fairgame-variables-anchor-chart-letter.pptx,pptx,173,true,100,FairGame_Variables_Anchor_Chart_Letter.pptx
fairgame-visual-classroom-progress-tracker,Visual Classroom Progress Tracker,,classroom,{teacher},/files/classroom/fairgame-visual-classroom-progress-tracker.xlsx,xlsx,16,true,100,FairGame_Visual_Classroom_Progress_Tracker.xlsx
fairgame-vocabulary-word-wall-cards-grades-5-to-6,Vocabulary Word Wall Cards Grades 5-6,,classroom,{teacher},/files/classroom/fairgame-vocabulary-word-wall-cards-grades-5-to-6.pptx,pptx,346,true,100,FairGame_Vocabulary_Word_Wall_Cards_Grades_5_to_6.pptx
fairgame-vocabulary-word-wall-cards-grades-7-to-8,Vocabulary Word Wall Cards Grades 7-8,,classroom,{teacher},/files/classroom/fairgame-vocabulary-word-wall-cards-grades-7-to-8.pptx,pptx,347,true,100,FairGame_Vocabulary_Word_Wall_Cards_Grades_7_to_8.pptx
fairgame-wonder-wall-11x17,Wonder Wall 11X17,,classroom,{teacher},/files/classroom/fairgame-wonder-wall-11x17.pptx,pptx,412,true,100,FairGame_Wonder_Wall_11x17.pptx
fairgame-wonder-wall-letter,Wonder Wall Letter,,classroom,{teacher},/files/classroom/fairgame-wonder-wall-letter.pptx,pptx,412,true,100,FairGame_Wonder_Wall_Letter.pptx
fairgame-12-month-fair-timeline-checklist,12-Month Fair Timeline Checklist,,coordinators,{coordinator},/files/coordinators/fairgame-12-month-fair-timeline-checklist.xlsx,xlsx,8,true,100,FairGame_12_Month_Fair_Timeline_Checklist.xlsx
fairgame-administrator-proposal-template,Administrator Proposal Template,,coordinators,{coordinator},/files/coordinators/fairgame-administrator-proposal-template.docx,docx,11,true,100,FairGame_Administrator_Proposal_Template.docx
fairgame-certificate-judge,Certificate Judge,,coordinators,{coordinator},/files/coordinators/fairgame-certificate-judge.docx,docx,9,true,100,FairGame_Certificate_Judge.docx
fairgame-certificate-mail-merge-instructions,Certificate Mail Merge Instructions,,coordinators,{coordinator},/files/coordinators/fairgame-certificate-mail-merge-instructions.docx,docx,12,true,100,FairGame_Certificate_Mail_Merge_Instructions.docx
fairgame-certificate-name-lists,Certificate Name Lists,,coordinators,{coordinator},/files/coordinators/fairgame-certificate-name-lists.xlsx,xlsx,10,true,100,FairGame_Certificate_Name_Lists.xlsx
fairgame-certificate-partner-recognition,Certificate Partner Recognition,,coordinators,{coordinator},/files/coordinators/fairgame-certificate-partner-recognition.docx,docx,9,true,100,FairGame_Certificate_Partner_Recognition.docx
fairgame-certificate-student-participation,Certificate Student Participation,,coordinators,{coordinator},/files/coordinators/fairgame-certificate-student-participation.docx,docx,9,true,100,FairGame_Certificate_Student_Participation.docx
fairgame-certificate-volunteer-thank-you,Certificate Volunteer Thank You,,coordinators,{coordinator},/files/coordinators/fairgame-certificate-volunteer-thank-you.docx,docx,9,true,100,FairGame_Certificate_Volunteer_Thank_You.docx
fairgame-committee-job-descriptions,Committee Job Descriptions,,coordinators,{coordinator},/files/coordinators/fairgame-committee-job-descriptions.docx,docx,11,true,100,FairGame_Committee_Job_Descriptions.docx
fairgame-day-of-event-checklist,Day Of Event Checklist,,coordinators,{coordinator},/files/coordinators/fairgame-day-of-event-checklist.pdf,pdf,32,true,100,FairGame_Day_of_Event_Checklist.pdf
fairgame-directional-signage,Directional Signage,,coordinators,{coordinator},/files/coordinators/fairgame-directional-signage.pptx,pptx,112,true,100,FairGame_Directional_Signage.pptx
fairgame-donor-thank-you-card,Donor Thank You Card,,coordinators,{coordinator},/files/coordinators/fairgame-donor-thank-you-card.docx,docx,9,true,100,FairGame_Donor_Thank_You_Card.docx
fairgame-judge-invitation-email-template,Judge Invitation Email Template,,coordinators,{coordinator},/files/coordinators/fairgame-judge-invitation-email-template.docx,docx,10,true,100,FairGame_Judge_Invitation_Email_Template.docx
fairgame-name-tags,Name Tags,,coordinators,{coordinator},/files/coordinators/fairgame-name-tags.pptx,pptx,297,true,100,FairGame_Name_Tags.pptx
fairgame-parent-letter-permission-slip,Parent Letter Permission Slip,,coordinators,{coordinator},/files/coordinators/fairgame-parent-letter-permission-slip.docx,docx,11,true,100,FairGame_Parent_Letter_Permission_Slip.docx
fairgame-post-event-survey-template,Post Event Survey Template,,coordinators,{coordinator},/files/coordinators/fairgame-post-event-survey-template.docx,docx,10,true,100,FairGame_Post_Event_Survey_Template.docx
fairgame-school-budget-template,School Budget Template,,coordinators,{coordinator},/files/coordinators/fairgame-school-budget-template.xlsx,xlsx,8,true,100,FairGame_School_Budget_Template.xlsx
fairgame-sponsorship-request-letter-template,Sponsorship Request Letter Template,,coordinators,{coordinator},/files/coordinators/fairgame-sponsorship-request-letter-template.docx,docx,10,true,100,FairGame_Sponsorship_Request_Letter_Template.docx
fairgame-table-tent-cards,Table Tent Cards,,coordinators,{coordinator},/files/coordinators/fairgame-table-tent-cards.pptx,pptx,219,true,100,FairGame_Table_Tent_Cards.pptx
fairgame-welcome-sign,Welcome Sign,,coordinators,{coordinator},/files/coordinators/fairgame-welcome-sign.pptx,pptx,480,true,100,FairGame_Welcome_Sign.pptx
fairgame-complete-school-setup-guide,Complete School Setup Guide,,guides,{public},/files/guides/fairgame-complete-school-setup-guide.pdf,pdf,196,true,100,FairGame_Complete_School_Setup_Guide (1).pdf
fairgame-student-research-guide-reference,Student Research Guide Reference,,guides,{public},/files/guides/fairgame-student-research-guide-reference.pdf,pdf,362,true,100,FairGame_Student_Research_Guide_Reference.pdf
fairgame-student-research-guide-workbook,Student Research Guide Workbook,,guides,{public},/files/guides/fairgame-student-research-guide-workbook.pdf,pdf,374,true,100,FairGame_Student_Research_Guide_Workbook.pdf
fairgame-judge-code-of-conduct,Judge Code Of Conduct,,judges,{judge},/files/judges/fairgame-judge-code-of-conduct.pdf,pdf,40,true,100,FairGame_Judge_Code_of_Conduct.pdf
fairgame-judge-faq,Judge Faq,,judges,{judge},/files/judges/fairgame-judge-faq.pdf,pdf,44,true,100,FairGame_Judge_FAQ.pdf
fairgame-judge-sample-questions,Judge Sample Questions,,judges,{judge},/files/judges/fairgame-judge-sample-questions.pdf,pdf,45,true,100,FairGame_Judge_Sample_Questions.pdf
fairgame-judge-welcome-guide,Judge Welcome Guide,,judges,{judge},/files/judges/fairgame-judge-welcome-guide.pdf,pdf,161,true,100,FairGame_Judge_Welcome_Guide.pdf
fairgame-judging-cards,Judging Cards,,judges,{judge},/files/judges/fairgame-judging-cards.pdf,pdf,26,true,100,FairGame_Judging_Cards.pdf
fairgame-judging-rubric,Judging Rubric,,judges,{judge},/files/judges/fairgame-judging-rubric.pdf,pdf,53,true,100,FairGame_Judging_Rubric.pdf
fairgame-abstract-writing-template,Abstract Writing Template,,students,{student},/files/students/fairgame-abstract-writing-template.pdf,pdf,53,true,100,FairGame_Abstract_Writing_Template.pdf
fairgame-acknowledgments-and-thank-you-list,Acknowledgments And Thank You List,,students,{student},/files/students/fairgame-acknowledgments-and-thank-you-list.pdf,pdf,33,true,100,FairGame_Acknowledgments_and_Thank_You_List.pdf
fairgame-anticipated-qa-flashcards,Anticipated Qa Flashcards,,students,{student},/files/students/fairgame-anticipated-qa-flashcards.pdf,pdf,43,true,100,FairGame_Anticipated_QA_Flashcards.pdf
fairgame-bibliography-template,Bibliography Template,,students,{student},/files/students/fairgame-bibliography-template.docx,docx,10,true,100,FairGame_Bibliography_Template.docx
fairgame-citation-quick-guide,Citation Quick Guide,,students,{student},/files/students/fairgame-citation-quick-guide.pdf,pdf,53,true,100,FairGame_Citation_Quick_Guide.pdf
fairgame-data-collection-sheets,Data Collection Sheets,,students,{student},/files/students/fairgame-data-collection-sheets.xlsx,xlsx,9,true,100,FairGame_Data_Collection_Sheets.xlsx
fairgame-display-board-checklist,Display Board Checklist,,students,{student},/files/students/fairgame-display-board-checklist.pdf,pdf,34,true,100,FairGame_Display_Board_Checklist.pdf
fairgame-display-board-template,Display Board Template,,students,{student},/files/students/fairgame-display-board-template.pptx,pptx,18,true,100,FairGame_Display_Board_Template.pptx
fairgame-experiment-menu-grades-5-to-6,Experiment Menu Grades 5-6,,students,{student},/files/students/fairgame-experiment-menu-grades-5-to-6.pdf,pdf,52,true,100,FairGame_Experiment_Menu_Grades_5_to_6.pdf
fairgame-experimental-design-planner,Experimental Design Planner,,students,{student},/files/students/fairgame-experimental-design-planner.pdf,pdf,33,true,100,FairGame_Experimental_Design_Planner.pdf
fairgame-graph-and-chart-templates,Graph And Chart Templates,,students,{student},/files/students/fairgame-graph-and-chart-templates.xlsx,xlsx,12,true,100,FairGame_Graph_and_Chart_Templates.xlsx
fairgame-hypothesis-worksheet,Hypothesis Worksheet,,students,{student},/files/students/fairgame-hypothesis-worksheet.pdf,pdf,64,true,100,FairGame_Hypothesis_Worksheet.pdf
fairgame-lab-notebook-template,Lab Notebook Template,,students,{student},/files/students/fairgame-lab-notebook-template.pdf,pdf,139,true,100,FairGame_Lab_Notebook_Template.pdf
fairgame-literature-search-log,Literature Search Log,,students,{student},/files/students/fairgame-literature-search-log.pdf,pdf,33,true,100,FairGame_Literature_Search_Log.pdf
fairgame-materials-shopping-list,Materials Shopping List,,students,{student},/files/students/fairgame-materials-shopping-list.pdf,pdf,41,true,100,FairGame_Materials_Shopping_List.pdf
fairgame-peer-review-form,Peer Review Form,,students,{student},/files/students/fairgame-peer-review-form.pdf,pdf,33,true,100,FairGame_Peer_Review_Form.pdf
fairgame-photo-documentation-log,Photo Documentation Log,,students,{student},/files/students/fairgame-photo-documentation-log.pdf,pdf,33,true,100,FairGame_Photo_Documentation_Log.pdf
fairgame-presentation-practice-script,Presentation Practice Script,,students,{student},/files/students/fairgame-presentation-practice-script.pdf,pdf,45,true,100,FairGame_Presentation_Practice_Script.pdf
fairgame-project-budget-planner,Project Budget Planner,,students,{student},/files/students/fairgame-project-budget-planner.pdf,pdf,41,true,100,FairGame_Project_Budget_Planner.pdf
fairgame-project-calendars-8-and-12-week,Project Calendars 8 & 12 Week,,students,{student},/files/students/fairgame-project-calendars-8-and-12-week.xlsx,xlsx,10,true,100,FairGame_Project_Calendars_8_and_12_Week.xlsx
fairgame-project-idea-inventory,Project Idea Inventory,,students,{student},/files/students/fairgame-project-idea-inventory.pdf,pdf,33,true,100,FairGame_Project_Idea_Inventory.pdf
fairgame-research-notes-template,Research Notes Template,,students,{student},/files/students/fairgame-research-notes-template.docx,docx,10,true,100,FairGame_Research_Notes_Template.docx
fairgame-research-paper-template,Research Paper Template,,students,{student},/files/students/fairgame-research-paper-template.docx,docx,11,true,100,FairGame_Research_Paper_Template.docx
fairgame-safety-check-and-risk-assessment,Safety Check And Risk Assessment,,students,{student},/files/students/fairgame-safety-check-and-risk-assessment.pdf,pdf,33,true,100,FairGame_Safety_Check_and_Risk_Assessment.pdf
fairgame-science-journal-template,Science Journal Template,,students,{student},/files/students/fairgame-science-journal-template.pdf,pdf,155,true,100,FairGame_Science_Journal_Template.pdf
fairgame-self-assessment-rubric,Self Assessment Rubric,,students,{student},/files/students/fairgame-self-assessment-rubric.pdf,pdf,41,true,100,FairGame_Self_Assessment_Rubric.pdf
fairgame-setback-and-lessons-learned,Setback And Lessons Learned,,students,{student},/files/students/fairgame-setback-and-lessons-learned.pdf,pdf,42,true,100,FairGame_Setback_and_Lessons_Learned.pdf
fairgame-source-summary-sheet,Source Summary Sheet,,students,{student},/files/students/fairgame-source-summary-sheet.pdf,pdf,34,true,100,FairGame_Source_Summary_Sheet.pdf
fairgame-spreadsheet-formula-quick-reference,Spreadsheet Formula Quick Reference,,students,{student},/files/students/fairgame-spreadsheet-formula-quick-reference.pdf,pdf,42,true,100,FairGame_Spreadsheet_Formula_Quick_Reference.pdf
fairgame-statistics-decision-tree,Statistics Decision Tree,,students,{student},/files/students/fairgame-statistics-decision-tree.pdf,pdf,53,true,100,FairGame_Statistics_Decision_Tree.pdf
fairgame-student-project-timeline-checklist,Student Project Timeline Checklist,,students,{student},/files/students/fairgame-student-project-timeline-checklist.xlsx,xlsx,6,true,100,FairGame_Student_Project_Timeline_Checklist.xlsx
fairgame-topic-brainstorming-worksheet,Topic Brainstorming Worksheet,,students,{student},/files/students/fairgame-topic-brainstorming-worksheet.pdf,pdf,33,true,100,FairGame_Topic_Brainstorming_Worksheet.pdf
fairgame-trifold-layout-templates-cuttable,Trifold Layout Templates Cuttable,,students,{student},/files/students/fairgame-trifold-layout-templates-cuttable.pdf,pdf,50,true,100,FairGame_Trifold_Layout_Templates_Cuttable.pdf
fairgame-curriculum-module-grade-7,Curriculum Module Grade 7,,teachers,{teacher},/files/teachers/fairgame-curriculum-module-grade-7.pdf,pdf,150,true,100,FairGame_Curriculum_Module_Grade_7.pdf
fairgame-curriculum-module-grade-8,Curriculum Module Grade 8,,teachers,{teacher},/files/teachers/fairgame-curriculum-module-grade-8.pdf,pdf,150,true,100,FairGame_Curriculum_Module_Grade_8.pdf
fairgame-curriculum-module-grades-5-to-6,Curriculum Module Grades 5-6,,teachers,{teacher},/files/teachers/fairgame-curriculum-module-grades-5-to-6.pdf,pdf,151,true,100,FairGame_Curriculum_Module_Grades_5_to_6.pdf
fairgame-differentiation-and-support-guide,Differentiation And Support Guide,,teachers,{teacher},/files/teachers/fairgame-differentiation-and-support-guide.pdf,pdf,35,true,100,FairGame_Differentiation_and_Support_Guide.pdf
fairgame-grade-8-milestone-tracking-sheet,Grade 8 Milestone Tracking Sheet,,teachers,{teacher},/files/teachers/fairgame-grade-8-milestone-tracking-sheet.xlsx,xlsx,9,true,100,FairGame_Grade_8_Milestone_Tracking_Sheet.xlsx
fairgame-lesson-plan-templates,Lesson Plan Templates,,teachers,{teacher},/files/teachers/fairgame-lesson-plan-templates.docx,docx,13,true,100,FairGame_Lesson_Plan_Templates.docx
fairgame-required-materials-and-supplies-list,Required Materials And Supplies List,,teachers,{teacher},/files/teachers/fairgame-required-materials-and-supplies-list.pdf,pdf,42,true,100,FairGame_Required_Materials_and_Supplies_List.pdf
fairgame-rubric-1-project-proposal,Rubric 1 Project Proposal,,teachers,{teacher},/files/teachers/fairgame-rubric-1-project-proposal.pdf,pdf,42,true,100,FairGame_Rubric_1_Project_Proposal.pdf
fairgame-rubric-2-progress-check,Rubric 2 Progress Check,,teachers,{teacher},/files/teachers/fairgame-rubric-2-progress-check.pdf,pdf,41,true,100,FairGame_Rubric_2_Progress_Check.pdf
fairgame-rubric-3-final-project,Rubric 3 Final Project,,teachers,{teacher},/files/teachers/fairgame-rubric-3-final-project.pdf,pdf,42,true,100,FairGame_Rubric_3_Final_Project.pdf
fairgame-rubric-4-presentation,Rubric 4 Presentation,,teachers,{teacher},/files/teachers/fairgame-rubric-4-presentation.pdf,pdf,41,true,100,FairGame_Rubric_4_Presentation.pdf
fairgame-standards-alignment-map,Standards Alignment Map,,teachers,{teacher},/files/teachers/fairgame-standards-alignment-map.pdf,pdf,150,true,100,FairGame_Standards_Alignment_Map.pdf
fairgame-teacher-handbook,Teacher Handbook,,teachers,{teacher},/files/teachers/fairgame-teacher-handbook.pdf,pdf,160,true,100,FairGame_Teacher_Handbook.pdf
fairgame-teacher-implementation-guide,Teacher Implementation Guide,,teachers,{teacher},/files/teachers/fairgame-teacher-implementation-guide.pdf,pdf,52,true,100,FairGame_Teacher_Implementation_Guide.pdf
fairgame-printable-volunteer-intake-forms,Printable Volunteer Intake Forms,,volunteers,{volunteer},/files/volunteers/fairgame-printable-volunteer-intake-forms.docx,docx,13,true,100,FairGame_Printable_Volunteer_Intake_Forms.docx
